--Informações sobre localidade
Insert into CEP_TIPO (CETI_CD,CETI_DS,CETI_NR_VERSAO,CETI_IN_USO,CETI_TM_ULTIMA_ALTERACAO) values ('106','RUA','1','1',to_timestamp('14/02/17 16:11:12,891000000','DD/MM/RR HH24:MI:SS,FF'));
Insert into CEP (CEP_CD,CEP_NR,CEP_SG_UF,CEP_NM_MUNICIPIO,CEP_NM_BAIRRO,CEP_NM_LOGRADOURO,CEP_DS_TIPO_LOGRADOURO,CETI_CD,CEP_DS_INTERVALO_NUMERACAO,CEP_NR_VERSAO,CEP_IN_USO,CEP_TM_ULTIMA_ALTERACAO,MUNI_CD) values ('24227','51160-070','PE','RECIFE','IMBIRIBEIRA','JORGE DE LIMA','RUA','106',null,'0','1',to_timestamp('26/06/19 00:00:00,000000000','DD/MM/RR HH24:MI:SS,FF'),(select muni_cd from municipio where muni_ds = 'RECIFE'));
Insert into CEP (CEP_CD,CEP_NR,CEP_SG_UF,CEP_NM_MUNICIPIO,CEP_NM_BAIRRO,CEP_NM_LOGRADOURO,CEP_DS_TIPO_LOGRADOURO,CETI_CD,CEP_DS_INTERVALO_NUMERACAO,CEP_NR_VERSAO,CEP_IN_USO,CEP_TM_ULTIMA_ALTERACAO,MUNI_CD) values ('350000','52000-000','PE','RECIFE','Imbiribeira','Av. Mal. Mascarenhas de Morais','RUA',null,'1000','0','1',to_timestamp('20/12/16 15:03:22,602000000','DD/MM/RR HH24:MI:SS,FF'),(select muni_cd from municipio where muni_ds = 'RECIFE'));
Insert into GERENCIA_REGIONAL (GERE_CD,GERE_DS,GERE_DS_ABREVIADO,GERE_NR_IMOVEL,GERE_DS_COMPLEMENTO,CEP_CD,GERE_NR_FONE,GERE_NR_RAMAL,GERE_NR_FAX,GERE_DS_EMAIL,GERE_NR_VERSAO,GERE_IN_USO,GERE_TM_ULTIMA_ALTERACAO,GERE_DS_ENDERECO_REFERENCIA,GERE_CD_DDD_FONE,GERE_CD_DDD_FAX) values ('1','COPERGAS','CPG','533',null,null,'31842000',null,null,null,'0','1',to_timestamp('31/01/17 10:16:35,407000000','DD/MM/RR HH24:MI:SS,FF'),null,'81',null);

Insert into LOCALIDADE_PORTE (LOPO_CD,LOPO_DS,LOPO_NR_VERSAO,LOPO_IN_USO,LOPO_TM_ULTIMA_ALTERACAO) values ('9','NAO INFORMADO','0','0',to_timestamp('31/01/17 14:35:54,000000000','DD/MM/RR HH24:MI:SS,FF'));
Insert into LOCALIDADE_CLASSE (LOCL_CD,LOCL_DS,LOCL_NR_VERSAO,LOCL_IN_USO,LOCL_TM_ULTIMA_ALTERACAO) values ('9','NAO INFORMADO','0','0',to_timestamp('31/01/17 14:39:43,000000000','DD/MM/RR HH24:MI:SS,FF'));
Insert into LOCALIDADE (LOCA_CD,LOCA_DS,LOCA_NR_IMOVEL,LOCA_DS_COMPLEMENTO,ENRE_CD,CEP_CD,LOCA_NR_FONE,LOCA_NR_RAMAL,LOCA_NR_FAX,LOCA_DS_EMAIL,GERE_CD,LOCL_CD,LOPO_CD,LOCA_CD_CENTRO_CUSTO,UNNE_CD,LOCA_IN_INFORMATIZADA,CLIE_CD,MELA_CD,LOCA_NR_VERSAO,LOCA_IN_USO,LOCA_TM_ULTIMA_ALTERACAO,LOCA_CD_DDD_FONE,LOCA_CD_DDD_FAX,LOCA_DS_ENDERECO_REFERENCIA) values ('7','ED-422',null,null,null,'350000',null,null,null,null,'1','9','9',null,null,'0',null,null,'0','1',to_timestamp('31/01/17 00:00:00,000000000','DD/MM/RR HH24:MI:SS,FF'),null,null,null);
Insert into LOCALIDADE (LOCA_CD,LOCA_DS,LOCA_NR_IMOVEL,LOCA_DS_COMPLEMENTO,ENRE_CD,CEP_CD,LOCA_NR_FONE,LOCA_NR_RAMAL,LOCA_NR_FAX,LOCA_DS_EMAIL,GERE_CD,LOCL_CD,LOPO_CD,LOCA_CD_CENTRO_CUSTO,UNNE_CD,LOCA_IN_INFORMATIZADA,CLIE_CD,MELA_CD,LOCA_NR_VERSAO,LOCA_IN_USO,LOCA_TM_ULTIMA_ALTERACAO,LOCA_CD_DDD_FONE,LOCA_CD_DDD_FAX,LOCA_DS_ENDERECO_REFERENCIA) values ('14','NAO SE APLICA',null,null,null,'350000',null,null,null,null,'1','9','9',null,null,'0',null,null,'0','1',to_timestamp('31/01/17 00:00:00,000000000','DD/MM/RR HH24:MI:SS,FF'),null,null,null);

Insert into SETOR_COMERCIAL (SECO_CD,LOCA_CD,SECO_DS,MUNI_CD,SECO_NR_VERSAO,SECO_IN_USO,SECO_TM_ULTIMA_ALTERACAO,SECO_CD_SETOR_COMERCIAL) values ('1','14','PADRAO','1','0','1',to_timestamp('22/02/17 14:52:25,434000000','DD/MM/RR HH24:MI:SS,FF'),(select muni_cd from municipio where muni_ds = 'RECIFE'));
Insert into REDE_MATERIAL (REMA_CD,REMA_DS,REMA_NR_VERSAO,REMA_IN_USO,REMA_TM_ULTIMA_ALTERACAO) values ('47','ACO','0','1',to_timestamp('28/12/16 13:59:59,750000000','DD/MM/RR HH24:MI:SS,FF'));
Insert into REDE_DIAMETRO (REDI_CD,REDI_DS,REDI_NR_VERSAO,REDI_IN_USO,REDI_TM_ULTIMA_ALTERACAO) values ('9','NAO INFORMADO','0','0',to_timestamp('01/02/17 09:19:35,059000000','DD/MM/RR HH24:MI:SS,FF'));
Insert into REDE_DISTRIBUICAO (REDS_CD,REDS_DS,LOCA_CD,REMA_CD,REDI_CD,REDS_MD_EXTENSAO,REDS_MD_PRESSAO,REDS_NR_VERSAO,REDS_IN_USO,REDS_TM_ULTIMA_ALTERACAO,UNID_CD_EXTENSAO,UNID_CD_PRESSAO) values ('52','ED-422','7','47','9',null,null,'0','1',to_timestamp('31/01/17 00:00:00,000000000','DD/MM/RR HH24:MI:SS,FF'),'1','42');
Insert into QUADRA (QUAD_CD,SECO_CD,QUPE_CD,SECE_CD,ZEIS_CD,ZOBL_CD,ARTI_CD,QUAD_NR_VERSAO,QUAD_IN_USO,QUAD_TM_ULTIMA_ALTERACAO,QUAD_NR_QUADRA) values ('24227','1','1',null,null,null,'1','0','1',to_timestamp('06/06/17 14:06:24,154000000','DD/MM/RR HH24:MI:SS,FF'),'51160070');
Insert into QUADRA_FACE (QUFA_CD,QUAD_CD,QUFA_NR_FACE,CEP_CD,QUFA_IN_REDE,REDS_CD,QUFA_NR_VERSAO,QUFA_IN_USO,QUFA_TM_ULTIMA_ALTERACAO) values ('24227','24227','51160070','24227','1','52','0','1',to_timestamp('06/06/17 14:06:49,967000000','DD/MM/RR HH24:MI:SS,FF'));

--Grupo de faturamento "Centro 03"
Insert into FATURAMENTO_GRUPO (FAGR_CD,FAGR_DS,FAGR_DS_ABREVIADO,PERI_CD,FAGR_DT_AM_FATURAMENTO,FAGR_QD_MIN_DIA_CICLO,FAGR_NR_CICLO,FAGR_QD_MAX_DIA_CICLO,FAGR_NR_DIA_VENCIMENTO,FAGR_NR_VERSAO,FAGR_IN_USO,FAGR_TM_ULTIMA_ALTERACAO,LETI_CD,FAGR_IN_DT_VENC_ULT_DIA_CICLO) values ('206','CENTRO03','CEN03','3','201901',null,'1',null,'0','2','1',to_timestamp('20/08/19 15:38:10,647000000','DD/MM/RR HH24:MI:SS,FF'),'3','0');

--Rota "Centro 03"
Insert into ROTA (ROTA_CD,LETI_CD,EMPR_CD,FAGR_CD,SECO_CD,ROTA_NR,LEIT_CD,PERI_CD,ROTA_NR_MAX_PONTOS_CONSUMO,ROTA_NR_VERSAO,ROTA_IN_USO,ROTA_TM_ULTIMA_ALTERACAO,LEIT_CD_SUPLENTE) values ('41','3','1','206',null,'CEN03',null,'3',null,'0','1',to_timestamp('20/08/19 15:10:18,000000000','DD/MM/RR HH24:MI:SS,FF'),null);

Insert into PADRAO_CONSTRUCAO (PACO_CD,PACO_DS,PACO_NR_VERSAO,PACO_IN_USO,PACO_TM_ULTIMA_ALTERACAO) values ('4','NAO INFORMADO','0','1',to_timestamp('01/02/17 14:58:41,887000000','DD/MM/RR HH24:MI:SS,FF'));
Insert into PAVIMENTO_RUA (PARU_CD,PARU_DS,PARU_DS_ABREVIADO,PARU_NR_VERSAO,PARU_IN_USO,PARU_TM_ULTIMA_ALTERACAO) values ('1','NAO INFORMADO','NI','0','1',to_timestamp('01/02/17 14:23:29,573000000','DD/MM/RR HH24:MI:SS,FF'));
Insert into PAVIMENTO_CALCADA (PACA_CD,PACA_DS,PACA_DS_ABREVIADO,PACA_NR_VERSAO,PACA_IN_USO,PACA_TM_ULTIMA_ALTERACAO) values ('1','NAO INFORMADO','NI','1','1',to_timestamp('01/02/17 14:19:34,776000000','DD/MM/RR HH24:MI:SS,FF'));
Insert into RAMO_ATIVIDADE (RAAT_CD,SEGM_CD,RAAT_DS,RAAT_NR_VERSAO,RAAT_IN_USO,RAAT_TM_ULTIMA_ALTERACAO,PERI_CD,SEGM_TIPO_CONSUMO_FATURAMENTO) values ('1','4','RES - Medição Individual','0','1',to_timestamp('27/08/19 09:41:14,694000000','DD/MM/RR HH24:MI:SS,FF'),'3','888');

Insert into IMOVEL_PERFIL (IMPE_CD,IMPE_DS,IMPE_NR_VERSAO,IMPE_IN_USO,IMPE_TM_ULTIMA_ALTERACAO) values ('1','NAO INFORMADO','0','1',to_timestamp('01/02/17 14:54:51,166000000','DD/MM/RR HH24:MI:SS,FF'));

Insert into IMOVEL (IMOV_CD,QUFA_CD,IMOV_NR_LOTE,IMOV_NR_SUBLOTE,IMOV_NR_TESTADA,IMOV_NR_IMOVEL,IMOV_DS_COMPLEMENTO,IMOV_NM,ARCF_CD,PACA_CD,PARU_CD,IMSI_CD,IMPE_CD,PIVF_CD,PACO_CD,IMOV_QN_UNIDADE_CONSUMIDORA,
IMOV_QN_PONTO_CONSUMO,IMOV_NR_SEQUENCIA_LEITURA,IMOV_IN_CONDOMINIO,IMOV_DT_ENTREGA,IMOV_IN_PORTARIA,IMOV_IN_MEDICAO,IMOV_IN_VALVULA_BLOQUEIO,BOTI_CD,EMPR_CD,IMOV_QN_BLOCO,IMOV_QN_ANDAR,IMOV_QN_APARTAMENTO_ANDAR,
IMOV_IN_REDE_PREEXISTENTE,IMOV_CD_CONDOMINIO,IMOV_IN_USO,IMOV_NR_VERSAO,IMOV_TM_ULTIMA_ALTERACAO,IMOV_DS_ENDERECO_REFERENCIA,IMOV_QN_BANHEIRO,IMOV_DT_PREVISAO_ENCERRAMENTO,ROTA_CD,IMOV_IN_OBRA_TUBULACAO,AGET_CD,
ENCO_CD_TIPO_COMBUSTIVEL,IMOV_IN_RESTRICAO_SERV)
values ('1583','24227',null,null,null,'245','SALADAS APT 1407','SALADA RESIDENCIAL CLUB, TORRE COUVES, APT 14',null,'1','1','3','1',null,'4',null,'1',null,'0',null,null,null,null,null,null,null,null,null,null,null,
'1','0',to_timestamp('16/08/17 17:55:45,433000000','DD/MM/RR HH24:MI:SS,FF'),null,null,null,null,null,null,null,'0');

Insert into IMOVEL (IMOV_CD,QUFA_CD,IMOV_NR_LOTE,IMOV_NR_SUBLOTE,IMOV_NR_TESTADA,IMOV_NR_IMOVEL,IMOV_DS_COMPLEMENTO,IMOV_NM,ARCF_CD,PACA_CD,PARU_CD,IMSI_CD,IMPE_CD,PIVF_CD,PACO_CD,IMOV_QN_UNIDADE_CONSUMIDORA,
IMOV_QN_PONTO_CONSUMO,IMOV_NR_SEQUENCIA_LEITURA,IMOV_IN_CONDOMINIO,IMOV_DT_ENTREGA,IMOV_IN_PORTARIA,IMOV_IN_MEDICAO,IMOV_IN_VALVULA_BLOQUEIO,BOTI_CD,EMPR_CD,IMOV_QN_BLOCO,IMOV_QN_ANDAR,IMOV_QN_APARTAMENTO_ANDAR,
IMOV_IN_REDE_PREEXISTENTE,IMOV_CD_CONDOMINIO,IMOV_IN_USO,IMOV_NR_VERSAO,IMOV_TM_ULTIMA_ALTERACAO,IMOV_DS_ENDERECO_REFERENCIA,IMOV_QN_BANHEIRO,IMOV_DT_PREVISAO_ENCERRAMENTO,ROTA_CD,IMOV_IN_OBRA_TUBULACAO,AGET_CD,
ENCO_CD_TIPO_COMBUSTIVEL,IMOV_IN_RESTRICAO_SERV)
values ('1584','24227',null,null,null,'245','SALADAS APT 1407','SALADA RESIDENCIAL CLUB, TORRE ALFACE, APT 14',null,'1','1','3','1',null,'4',null,'1',null,'0',null,null,null,null,null,null,null,null,null,null,null,
'1','0',to_timestamp('16/08/17 17:55:45,433000000','DD/MM/RR HH24:MI:SS,FF'),null,null,null,null,null,null,null,'0');

Insert into PONTO_CONSUMO (POCN_CD,IMOV_CD,POCN_DS,POCS_CD,SEGM_CD,RAAT_CD,POCN_NR_SEQUENCIA,POCN_NR_SEQUENCIA_LEITURA,ROTA_CD,CEP_CD,POCN_NR_IMOVEL,POCN_DS_COMPLEMENTO,MEIN_CD,POCN_NR_VERSAO,POCN_IN_USO,POCN_TM_ULTIMA_ALTERACAO,
QUFA_CD,POCN_DS_ENDERECO_REFERENCIA,ENCO_CD_MODALIDADE_USO,POCN_CD_SUPERVISORIO,POCN_NR_LATITUDE_GRAU,POCN_NR_LONGITUDE_GRAU,POCN_CD_LEGADO,POCN_IN_CLASSIFICACAO_FISCAL,POCN_OBSERVACAO)
 values ('1494','1583','SALADA RESIDENCIAL CLUB - TORRE COUVES - APT 14','2','4','1',null,'311','41','24227','245','SALADAS APT 1407',null,'0','1',to_timestamp('16/08/17 17:55:46,297000000','DD/MM/RR HH24:MI:SS,FF'),'24227',
 null,null,'4127',null,null,'1583',null,null);

Insert into PONTO_CONSUMO (POCN_CD,IMOV_CD,POCN_DS,POCS_CD,SEGM_CD,RAAT_CD,POCN_NR_SEQUENCIA,POCN_NR_SEQUENCIA_LEITURA,ROTA_CD,CEP_CD,POCN_NR_IMOVEL,POCN_DS_COMPLEMENTO,MEIN_CD,POCN_NR_VERSAO,POCN_IN_USO,POCN_TM_ULTIMA_ALTERACAO,
QUFA_CD,POCN_DS_ENDERECO_REFERENCIA,ENCO_CD_MODALIDADE_USO,POCN_CD_SUPERVISORIO,POCN_NR_LATITUDE_GRAU,POCN_NR_LONGITUDE_GRAU,POCN_CD_LEGADO,POCN_IN_CLASSIFICACAO_FISCAL,POCN_OBSERVACAO)
 values ('1495','1584','SALADA RESIDENCIAL CLUB - TORRE ALFACE - APT 14','2','4','1',null,'311','41','24227','245','SALADAS APT 1407',null,'0','1',to_timestamp('16/08/17 17:55:46,297000000','DD/MM/RR HH24:MI:SS,FF'),'24227',
 null,null,'4128',null,null,'1583',null,null);



--Informações de arrecadador
INSERT INTO BANCO (
    BANC_CD, BANC_NM, BANC_NR,
    BANC_NM_ABREVIADO, BANC_IN_USO, BANC_NR_VERSAO,
    BANC_TM_ULTIMA_ALTERACAO)
VALUES (
    SQ_BANC_CD.NEXTVAL, 'BANCO SANTANDER BRASIL SA', '033',
    'SANTANDER', 1, 0,
    CURRENT_TIMESTAMP);

INSERT INTO ARRECADADOR (
    ARRE_CD, BANC_CD, ARRE_IN_USO,
    ARRE_NR_VERSAO, ARRE_TM_ULTIMA_ALTERACAO, ARRE_CD_AGENTE)
VALUES (
    SQ_ARRE_CD.NEXTVAL, (SELECT BANC_CD FROM BANCO WHERE BANC_NR = '033'), 1,
    0, CURRENT_TIMESTAMP, '033');

INSERT INTO ARRECADADOR_CONTRATO (
    ARCO_CD, ARRE_CD, ARCO_NR_CONTRATO,
    ARCO_DT_CONTRATOINICIO, ARCO_IN_USO, ARCO_NR_VERSAO,
    ARCO_TM_ULTIMA_ALTERACAO)
VALUES (
    SQ_ARCO_CD.NEXTVAL, (SELECT ARRE_CD FROM ARRECADADOR WHERE ARRE_CD_AGENTE = '033'), 'SANTANDER',
    CURRENT_DATE, 1, 0,
    CURRENT_TIMESTAMP);

INSERT INTO ARRECADADOR_CARTEIRA_COBRANCA (
    ARCA_CD, ARRE_CD, ENCO_CD_CODIGO_CARTEIRA,
    ENCO_CD_TIPO_CARTEIRA, ARCA_DS, ARCA_NR,
    ARCA_IN_FAIXA_NOSSO_NUMERO, ARCA_IN_NOSSO_NUMERO_LIVRE, ARCA_IN_EMISSAO,
    ARCA_IN_PROTESTO, ARCA_IN_ENTREGA, ARCA_IN_USO,
    ARCA_NR_VERSAO, ARCA_TM_ULTIMA_ALTERACAO)
VALUES (
    SQ_ARCA_CD.NEXTVAL, (SELECT ARRE_CD FROM ARRECADADOR WHERE ARRE_CD_AGENTE = '033'), (SELECT ENCO_CD FROM ENTIDADE_CONTEUDO WHERE ENCO_DS = 'RÁPIDA COM REGISTRO' AND ENCO_NR_CODIGO = 5),
    (SELECT COST_VL FROM CONSTANTE_SISTEMA WHERE COST_NM = 'C_TIPO_CONVENIO_COBRANCA_REGISTRADA'), 'CARTEIRA SANTANDER', 33,
    0, 0, 0,
    0, 0, 1,
    0, CURRENT_TIMESTAMP);

INSERT INTO AGENCIA (
    AGEN_CD, BANC_CD, AGEN_CD_AGENCIA,
    AGEN_NM, AGEN_NR_VERSAO, AGEN_IN_USO,
    AGEN_TM_ULTIMA_ALTERACAO)
VALUES (
    SQ_AGEN_CD.NEXTVAL, (SELECT BANC_CD FROM BANCO WHERE BANC_NR = '033'), '3737',
    'AGENCIA SANTANDER', 0, 1,
    CURRENT_TIMESTAMP);

INSERT INTO CONTA_BANCARIA (
    COBA_CD, AGEN_CD, COBA_DS,
    COBA_NR_CONTA, COBA_NR_DIGITO, COBA_IN_USO,
    COBA_NR_VERSAO, COBA_TM_ULTIMA_ALTERACAO, COBA_NR_CONTA_COBRANCA)
VALUES (
    SQ_COBA_CD.NEXTVAL, (SELECT AGEN_CD FROM AGENCIA WHERE AGEN_NM = 'AGENCIA SANTANDER'), 'CONTA SANTANDER',
    '0059136', '0', 1,
    0, CURRENT_TIMESTAMP, '0130039183');

INSERT INTO ARRECADADOR_CONTRATO_CONVENIO (
    ARCC_CD, ARCO_CD, ENCO_CD_TIPO_CONVENIO,
    COBA_CD_CONVENIO, COBA_CD_CREDITO, ARCA_CD,
    ARCC_CD_CONVENIO, ARCC_NR_DIAS_FLOAT, ARCC_NR_NSA_REMESSA,
    ARCC_NR_NSA_RETORNO, ARCC_NR_TENTATIVAS_REENVIO, ARCC_IN_USO,
    ARCC_NR_VERSAO, ARCC_TM_ULTIMA_ALTERACAO, ARCC_NR_SEQ_COBRANCA_GERADO,
    ARCC_NR_SEQ_COBRANCA_FIM, ARCC_NR_SEQ_COBRANCA_INICIO, ARCC_IN_PADRAO,
    DOLA_CD)
VALUES (
    '1414', (SELECT ARCO_CD FROM ARRECADADOR_CONTRATO WHERE ARCO_NR_CONTRATO = 'SANTANDER'), (SELECT ENCO_CD FROM ENTIDADE_CONTEUDO WHERE ENCO_DS = 'Boleto Bancário' AND ENCL_CD = (SELECT ENCL_CD FROM ENTIDADE_CLASSE WHERE ENCL_DS = 'Tipo de Convênio')),
    (SELECT COBA_CD FROM CONTA_BANCARIA WHERE COBA_DS = 'CONTA SANTANDER'), NULL, (SELECT ARCA_CD FROM ARRECADADOR_CARTEIRA_COBRANCA WHERE ARCA_DS = 'CARTEIRA SANTANDER' AND ARCA_NR = 33),
    '123456789', 1, 1,
    0, 0, 1,
    0, CURRENT_TIMESTAMP, 0,
    0, 0, 1,
    (SELECT DOLA_CD FROM DOCUMENTO_LAYOUT WHERE DOLA_DS = 'DACNAB400Santander'));


--Informações de contrato
Insert into CONTRATO_LAYOUT_RELATORIO (COLR_CD,COLR_DS_RELATORIO,COLR_IN_USO,COLR_TM_ULTIMA_ALTERACAO) values ('21','modelo','0',null);

Insert into CONTRATO_MODELO (COME_CD,COME_DS,COME_DS_ABREVIADO,COME_MM_MODELO,COME_NR_VERSAO,COME_IN_USO,COME_TM_ULTIMA_ALTERACAO,ENCO_CD_TIPO_MODELO,COME_NR_GERACAO,COLR_CD_LAYOUT_RELATORIO) values ('67','RESIDENCIAL INDIVIDUAL','RESIND', EMPTY_BLOB(),'1','0',to_timestamp('18/08/17 14:55:15,329000000','DD/MM/RR HH24:MI:SS,FF'),'516','11','21');

Insert into CLIENTE (CLIE_CD,CLIE_CD_RESPONSAVEL,CLIE_NM,CLIE_NM_ABREVIADO,CLIE_DS_EMAIL_PRINCIPAL,CLIE_DS_EMAIL_SECUNDARIO,CLSI_CD,CLTI_CD,CLIE_NR_CPF,CLIE_NR_RG,CLIE_DT_RG_EMISSAO,ORER_CD,UNFE_CD,NACI_CD,CLIE_NR_PASSAPORTE,
    CLIE_DT_NASCIMENTO,PROF_CD,PESE_CD,CLIE_NM_MAE,CLIE_NM_PAI,REFF_CD,CLIE_NM_FANTASIA,CLIE_NR_CNPJ,ATEC_CD,CLIE_NR_INSCRICAO_ESTADUAL,CLIE_NR_INSCRICAO_MUNICIPAL,CLIE_NR_INSCRICAO_RURAL,CLIE_NR_VERSAO,CLIE_IN_USO
    ,CLIE_TM_ULTIMA_ALTERACAO,CLIE_IN_REGIME_ISENTO,CLIE_IN_DENEGADO,GREC_CD,CLIE_IN_PUBLICO,CLIE_TM_ULTIMO_ACESSO,CLIE_NM_SENHA,CLIE_TM_ENVIOBRINDES,FUNC_CD_FISCAL,FUNC_CD_VENDEDOR,SEGM_CD) values (
    '1583',null,'JOÃO DAS COUVES',null,'joao@couves.com','joao@couves.com','1',(SELECT CLTI_CD FROM CLIENTE_TIPO WHERE CLTI_DS LIKE 'PESSOA FISICA'),'123456789',null,null,null,'1',null,null,null,null,null,null,null,null,null,null,null,null,null,null,'0','1',to_timestamp('16/08/17 17:55:42,990000000','DD/MM/RR HH24:MI:SS,FF'),'1','0',null,null,null,null,null,null,null,'4');

Insert into CLIENTE (CLIE_CD,CLIE_CD_RESPONSAVEL,CLIE_NM,CLIE_NM_ABREVIADO,CLIE_DS_EMAIL_PRINCIPAL,CLIE_DS_EMAIL_SECUNDARIO,CLSI_CD,CLTI_CD,CLIE_NR_CPF,CLIE_NR_RG,CLIE_DT_RG_EMISSAO,ORER_CD,UNFE_CD,NACI_CD,CLIE_NR_PASSAPORTE,
    CLIE_DT_NASCIMENTO,PROF_CD,PESE_CD,CLIE_NM_MAE,CLIE_NM_PAI,REFF_CD,CLIE_NM_FANTASIA,CLIE_NR_CNPJ,ATEC_CD,CLIE_NR_INSCRICAO_ESTADUAL,CLIE_NR_INSCRICAO_MUNICIPAL,CLIE_NR_INSCRICAO_RURAL,CLIE_NR_VERSAO,CLIE_IN_USO
    ,CLIE_TM_ULTIMA_ALTERACAO,CLIE_IN_REGIME_ISENTO,CLIE_IN_DENEGADO,GREC_CD,CLIE_IN_PUBLICO,CLIE_TM_ULTIMO_ACESSO,CLIE_NM_SENHA,CLIE_TM_ENVIOBRINDES,FUNC_CD_FISCAL,FUNC_CD_VENDEDOR,SEGM_CD) values (
    '1584',null,'MARIA ALFACINA',null,'maria@alfaces.com','maria@alfaces.com','1',(SELECT CLTI_CD FROM CLIENTE_TIPO WHERE CLTI_DS LIKE 'PESSOA FISICA'),'199456789',null,null,null,'1',null,null,null,null,null,null,null,null,null,null,null,null,null,null,'0','1',to_timestamp('16/08/17 17:55:42,990000000','DD/MM/RR HH24:MI:SS,FF'),'1','0',null,null,null,null,null,null,null,'4');

Insert into CLIENTE_ENDERECO (CLEN_CD,CLIE_CD,CEP_CD,ENTI_CD,CLEN_NR,CLEN_DS_COMPLEMENTO,CLEN_NR_CAIXA_POSTAL,CLEN_IN_CORRESPONDENCIA,CLEN_NR_VERSAO,CLEN_IN_USO,CLEN_TM_ULTIMA_ALTERACAO,CLEN_DS_ENDERECO_REFERENCIA,MUNI_CD,CLEN_IN_PRINCIPAL)
 values ('1583','1583','24227','1','245','SALADAS APT 1407',null,'1','0','1',to_timestamp('16/08/17 17:55:43,685000000','DD/MM/RR HH24:MI:SS,FF'),null,(select muni_cd from municipio where muni_ds = 'RECIFE'),'1');
Insert into CLIENTE_ENDERECO (CLEN_CD,CLIE_CD,CEP_CD,ENTI_CD,CLEN_NR,CLEN_DS_COMPLEMENTO,CLEN_NR_CAIXA_POSTAL,CLEN_IN_CORRESPONDENCIA,CLEN_NR_VERSAO,CLEN_IN_USO,CLEN_TM_ULTIMA_ALTERACAO,CLEN_DS_ENDERECO_REFERENCIA,MUNI_CD,CLEN_IN_PRINCIPAL)
 values ('1584','1584','24227','1','245','SALADAS APT 1407',null,'1','0','1',to_timestamp('16/08/17 17:55:43,685000000','DD/MM/RR HH24:MI:SS,FF'),null,(select muni_cd from municipio where muni_ds = 'RECIFE'),'1');


INSERT INTO CONTRATO (CONT_CD,CONT_NR,CONT_DT_ANO,CONT_NR_ANTERIOR,CONT_DT_ASSINATURA,COSI_CD,COME_CD,CONT_NR_VERSAO,CONT_TM_ULTIMA_ALTERACAO,CONT_NR_ADITIVO,CONT_DT_ADITIVO,PROP_CD,CONT_VL_GASTO_MENSAL,CONT_MD_ECONOMIA_MENSAL_GN,CONT_MD_ECONOMIA_ANUAL_GN,CONT_PR_ECONOMIA_GN,CONT_NR_DIA_VENC_FINANCIAMENTO,CONT_DT_FIM_GARANTIA_FINANC,CONT_DT_INI_GARANTIA_FINANC,CONT_VL_GARANTIA_FINANCEIRA,CONT_DS_GARANTIA_FINANCEIRA,ENCO_CD_GARANTIA_FINANCEIRA,
CONT_IN_RENOV_GARANTIA_FINANC,CLIE_CD_ASSINATURA,CONT_IN_RENOVACAO_AUTOMATICA,CONT_DS_ADITIVO,CONT_NR_DIAS_RENOVACAO_AUTOM,CONT_IN_AGRUPAMENTO_CONTA,CONT_NR_EMPENHO,CONT_IN_AGRUPAMENTO_COBRANCA,CONT_IN_USO,CONT_DT_VENC_OBRIGACOES,CONT_VL,CONT_IN_MULTA,CONT_IN_JUROS,ENCO_CD_CONSUMO_REF_SOBD,PEDE_CD_SOB_DEMANDA,ENCO_CD_CONSUMO_REF_SBRD,PEDE_CD_SOBRE_DEMANDA,CONT_NR_DIAS_ANTECED_RENOVACAO,CONT_NR_ANT_REV_GARANT_FINANC,CONT_VL_FINANCIAMENTO,CONT_NR_PARCELA_FINACIMENTO,CONT_PR_JUROS,ENCO_CD_AMORTIZACAO,CONT_PR_TARIFA_DOP,CONT_IN_ANO_CONTRATUAL,CONT_NR_PERI_REAV_GARANT,CONT_CD_PAI,ENCO_CD_TIPO_AGRUPAMENTO,CONT_PR_RETIRADA_MAIOR,CONT_PR_RETIRADA_MENOR,CONT_PR_TARIFA_GAS_FORA_ESPEC,ENCO_CD_BASE_APUR_RET_MAIOR,
ENCO_CD_BASE_APUR_RET_MENOR,CONT_DT_INVESTIMENTO,ENCO_CD_MULTA_RECISORIA,CONT_IN_GERACAO_FATURA_ENC,CONT_VL_INVESTIMENTO,CONT_DT_RECISAO,CONT_PR_MULTA,CONT_PR_JUROS_MORA,ENCO_CD_PERI_MAIOR_MENOR,CONT_IN_PENALIDADE_CIVIL,
ARCC_CD,CONT_DS,CONT_VL_VOLUME_REFERENCIA,CONT_CD_PRINCIPAL,CONT_NR_ORDEM_FATURAMENTO,CONT_DT_INICIO_RETIRADA_QPNR,CONT_DT_FIM_RETIRADA_QPNR,CONT_PR_QDC_CONTRATO_QPNR,CONT_PR_QDC_FIM_CONTRATO_QPNR,CONT_PR_MIN_QDC_CONTRATO_QPNR,
CONT_NR_ANOS_VALIDADE_QPNR,INFI_CD, ENCO_CD_TIPO_CONVENIO)
VALUES ('1367','123', '2017', null, to_date('01/01/16','DD/MM/RR'), (SELECT COSI_CD FROM CONTRATO_SITUACAO WHERE COSI_DS LIKE 'ATIVO'),
'67', '0', current_timestamp, '0', null,null,null,null,null,null,null,null,null,null,null,null,null,
'1583', '0', null, null, '0', null, '0', '1', null, null, null, null, null, null, null, null, null, null, null, null, null, null, null, '0', null, null, null, null, null, null, null, null, null, null, null, null, null, null, null, null,
'1', '1414', 'CONTRATO exemplo', null, null, null, null, null, null, null, null, null, null, '577');

INSERT INTO CONTRATO (CONT_CD,CONT_NR,CONT_DT_ANO,CONT_NR_ANTERIOR,CONT_DT_ASSINATURA,COSI_CD,COME_CD,CONT_NR_VERSAO,CONT_TM_ULTIMA_ALTERACAO,CONT_NR_ADITIVO,CONT_DT_ADITIVO,PROP_CD,CONT_VL_GASTO_MENSAL,CONT_MD_ECONOMIA_MENSAL_GN,CONT_MD_ECONOMIA_ANUAL_GN,CONT_PR_ECONOMIA_GN,CONT_NR_DIA_VENC_FINANCIAMENTO,CONT_DT_FIM_GARANTIA_FINANC,CONT_DT_INI_GARANTIA_FINANC,CONT_VL_GARANTIA_FINANCEIRA,CONT_DS_GARANTIA_FINANCEIRA,ENCO_CD_GARANTIA_FINANCEIRA,
CONT_IN_RENOV_GARANTIA_FINANC,CLIE_CD_ASSINATURA,CONT_IN_RENOVACAO_AUTOMATICA,CONT_DS_ADITIVO,CONT_NR_DIAS_RENOVACAO_AUTOM,CONT_IN_AGRUPAMENTO_CONTA,CONT_NR_EMPENHO,CONT_IN_AGRUPAMENTO_COBRANCA,CONT_IN_USO,CONT_DT_VENC_OBRIGACOES,CONT_VL,CONT_IN_MULTA,CONT_IN_JUROS,ENCO_CD_CONSUMO_REF_SOBD,PEDE_CD_SOB_DEMANDA,ENCO_CD_CONSUMO_REF_SBRD,PEDE_CD_SOBRE_DEMANDA,CONT_NR_DIAS_ANTECED_RENOVACAO,CONT_NR_ANT_REV_GARANT_FINANC,CONT_VL_FINANCIAMENTO,CONT_NR_PARCELA_FINACIMENTO,CONT_PR_JUROS,ENCO_CD_AMORTIZACAO,CONT_PR_TARIFA_DOP,CONT_IN_ANO_CONTRATUAL,CONT_NR_PERI_REAV_GARANT,CONT_CD_PAI,ENCO_CD_TIPO_AGRUPAMENTO,CONT_PR_RETIRADA_MAIOR,CONT_PR_RETIRADA_MENOR,CONT_PR_TARIFA_GAS_FORA_ESPEC,ENCO_CD_BASE_APUR_RET_MAIOR,
ENCO_CD_BASE_APUR_RET_MENOR,CONT_DT_INVESTIMENTO,ENCO_CD_MULTA_RECISORIA,CONT_IN_GERACAO_FATURA_ENC,CONT_VL_INVESTIMENTO,CONT_DT_RECISAO,CONT_PR_MULTA,CONT_PR_JUROS_MORA,ENCO_CD_PERI_MAIOR_MENOR,CONT_IN_PENALIDADE_CIVIL,
ARCC_CD,CONT_DS,CONT_VL_VOLUME_REFERENCIA,CONT_CD_PRINCIPAL,CONT_NR_ORDEM_FATURAMENTO,CONT_DT_INICIO_RETIRADA_QPNR,CONT_DT_FIM_RETIRADA_QPNR,CONT_PR_QDC_CONTRATO_QPNR,CONT_PR_QDC_FIM_CONTRATO_QPNR,CONT_PR_MIN_QDC_CONTRATO_QPNR,
CONT_NR_ANOS_VALIDADE_QPNR,INFI_CD, ENCO_CD_TIPO_CONVENIO)
VALUES ('1368','124', '2017', null, to_date('01/01/16','DD/MM/RR'), (SELECT COSI_CD FROM CONTRATO_SITUACAO WHERE COSI_DS LIKE 'ATIVO'),
'67', '0', current_timestamp, '0', null,null,null,null,null,null,null,null,null,null,null,null,null,
'1584', '0', null, null, '0', null, '0', '1', null, null, null, null, null, null, null, null, null, null, null, null, null, null, null, '0', null, null, null, null, null, null, null, null, null, null, null, null, null, null, null, null,
'1', '1414', 'CONTRATO exemplo', null, null, null, null, null, null, null, null, null, null, '577');

INSERT INTO CONTRATO_QDC (COQD_CD,COQD_DT,COQD_MD_VOLUME,COQD_IN_USO,COQD_NR_VERSAO,COQD_TM_ULTIMA_ALTERACAO,CONT_CD)
VALUES ('5897', current_date, '200', '1', '0', current_timestamp, '1367');

INSERT INTO CONTRATO_QDC (COQD_CD,COQD_DT,COQD_MD_VOLUME,COQD_IN_USO,COQD_NR_VERSAO,COQD_TM_ULTIMA_ALTERACAO,CONT_CD)
VALUES ('5898', current_date, '200', '1', '0', current_timestamp, '1368');


Insert into PRESSAO_FORNECIMENTO_FAIXA (PRFF_CD,PRFF_MD_MINIMO,PRFF_MD_MAXIMO,PRFF_NR_VERSAO,PRFF_NR_FATOR_Z,PRFF_IN_USO,PRFF_TM_ULTIMA_ALTERACAO,PRFF_NR_FATOR_CORRECAO_PTZ_PCS,UNID_CD_PRESSAO,SEGM_CD,ENCO_CD_CLASSE_PRESSAO,ENCO_CD_IN_CORRECAO_PT,ENCO_CD_IN_CORRECAO_Z)
values ('1414','0','99999','0',null,'1',current_timestamp,
null,(SELECT UNID_CD FROM UNIDADE WHERE UNID_DS LIKE 'Atmosferas'),
(SELECT SEGM_CD FROM SEGMENTO WHERE SEGM_DS LIKE 'RESIDENCIAL'),null, '543','546');


INSERT INTO CONTRATO_PONTO_CONSUMO(copc_cd, cont_cd, pocn_cd, copc_md_pressao, unid_cd_pressao, unid_cd_vazao_max_instantanea, copc_md_fornec_max_diario, unid_cd_fornec_max_diario, copc_md_fornec_min_diario, unid_cd_fornec_min_diario,
copc_nr_versao, copc_tm_ultima_alteracao, meto_cd, enco_cd_regime_consumo, copc_in_parada_programada, cep_cd_entrega, copc_nr_imovel, copc_ds_complemento_endereco, copc_ds_email_entrega, copc_in_corretor_vazao,
copc_md_pressao_minima, unid_cd_pressao_minima, copc_md_pressao_maxima, unid_cd_pressao_maxima, copc_md_vazao_instantanea, unid_cd_vazao_instantanea, copc_md_vazao_min_instantanea, unid_cd_vazao_min_instantanea,
copc_nr_hora_inical, prff_cd, enco_cd_tipo_faturamento, enco_cd_contrato_compra, peri_cd, copc_in_emissao_nfe, copc_in_emitir_fat_nfe, copc_md_pressao_coletada, unid_cd_pressao_coletada)
	VALUES (1367, 1367, 1494, 0.04, 16, 30, 50, 25, 0, 25, 0, To_timestamp('16/08/17 17:56:12,710000000', 'DD/MM/RR HH24:MI:SS,FF'), 2, 14, 0, 24227, 245, 'COUVES APTO 14', '', 0,  0.02, 42,
0.05, 42, 999999999, 30, 0, 30, 0,  1414, 15, 448,  3, 1, 1, 0.04, 42);

INSERT INTO CONTRATO_PONTO_CONSUMO(copc_cd, cont_cd, pocn_cd, copc_md_pressao, unid_cd_pressao, unid_cd_vazao_max_instantanea, copc_md_fornec_max_diario, unid_cd_fornec_max_diario, copc_md_fornec_min_diario, unid_cd_fornec_min_diario,
copc_nr_versao, copc_tm_ultima_alteracao, meto_cd, enco_cd_regime_consumo, copc_in_parada_programada, cep_cd_entrega, copc_nr_imovel, copc_ds_complemento_endereco, copc_ds_email_entrega, copc_in_corretor_vazao,
copc_md_pressao_minima, unid_cd_pressao_minima, copc_md_pressao_maxima, unid_cd_pressao_maxima, copc_md_vazao_instantanea, unid_cd_vazao_instantanea, copc_md_vazao_min_instantanea, unid_cd_vazao_min_instantanea,
copc_nr_hora_inical, prff_cd, enco_cd_tipo_faturamento, enco_cd_contrato_compra, peri_cd, copc_in_emissao_nfe, copc_in_emitir_fat_nfe, copc_md_pressao_coletada, unid_cd_pressao_coletada)
	VALUES (1368, 1368, 1495, 0.04, 16, 30, 50, 25, 0, 25, 0, To_timestamp('16/08/17 17:56:12,710000000', 'DD/MM/RR HH24:MI:SS,FF'), 2, 14, 0, 24227, 245, 'COUVES APTO 14', '', 0,  0.02, 42,
0.05, 42, 999999999, 30, 0, 30, 0,  1414, 15, 448,  3, 1, 1, 0.04, 42);


Insert into MEDIDOR_MARCA (MEMA_CD,MEMA_DS,MEMA_DS_ABREVIADO,MEMA_NR_VERSAO,MEMA_IN_USO,MEMA_TM_ULTIMA_ALTERACAO) values ('29','MEDIDOR',null,'0','1',to_timestamp('16/08/19 17:04:24,382000000','DD/MM/RR HH24:MI:SS,FF'));
Insert into MEDIDOR_MODELO (MEMD_CD,MEMD_DS,MEMD_DS_ABREVIADA,MEMD_NR_VERSAO,MEMD_IN_USO,MEMD_TM_ULTIMA_ALTERACAO) values ('45','MEDIDOR',null,'0','1',to_timestamp('16/08/19 17:02:54,913000000','DD/MM/RR HH24:MI:SS,FF'));
Insert into MEDIDOR (MEDI_CD,MEDI_NR_SERIE,MEDI_CD_CHECK,MEDI_IN_CHECK,MESI_CD,METI_CD,MEMA_CD,MEDM_CD,MECA_CD_MINIMO,MECA_CD_MAXIMO,MEDI_NR_ANO_FABRICACAO,MEDI_DT_AQUISICAO,MEDI_DT_MAXIMA_INSTALACAO,MEDI_DT_ULTIMA_CALIBRACAO,
MEDI_QN_ANO_CALIBRACAO,MEDI_NR_TOMBO,MELA_CD,MEDI_NR_DIGITO,MEDI_NR_LEITURA_ACUMULADA,TETF_CD,MEDI_MD_PRESSAO_MAXIMA,MEDI_NR_VERSAO,MEDI_IN_USO,MEDI_TM_ULTIMA_ALTERACAO,UNID_CD_PRESSAO_MAXIMA,MEMD_CD,MEFK_CD,MEDI_COMPOSICAO_VIRTUAL,
MEDI_CD_SUPERVISORIO,ENCO_CD_SITUACAO_MEDI_IND,ENCO_CD_MODO_USO)
 values ('11139','M3321',null,null,'3','6','29',null,'2','6','2017',to_timestamp('01/01/18 00:00:00,000000000','DD/MM/RR HH24:MI:SS,FF'),null,null,null,null,'4','5',null,null,null,'0','1',
 to_timestamp('16/08/19 17:09:14,721000000','DD/MM/RR HH24:MI:SS,FF'),null,'45',null,null,null,null,'556');

Insert into MEDIDOR (MEDI_CD,MEDI_NR_SERIE,MEDI_CD_CHECK,MEDI_IN_CHECK,MESI_CD,METI_CD,MEMA_CD,MEDM_CD,MECA_CD_MINIMO,MECA_CD_MAXIMO,MEDI_NR_ANO_FABRICACAO,MEDI_DT_AQUISICAO,MEDI_DT_MAXIMA_INSTALACAO,MEDI_DT_ULTIMA_CALIBRACAO,
MEDI_QN_ANO_CALIBRACAO,MEDI_NR_TOMBO,MELA_CD,MEDI_NR_DIGITO,MEDI_NR_LEITURA_ACUMULADA,TETF_CD,MEDI_MD_PRESSAO_MAXIMA,MEDI_NR_VERSAO,MEDI_IN_USO,MEDI_TM_ULTIMA_ALTERACAO,UNID_CD_PRESSAO_MAXIMA,MEMD_CD,MEFK_CD,MEDI_COMPOSICAO_VIRTUAL,
MEDI_CD_SUPERVISORIO,ENCO_CD_SITUACAO_MEDI_IND,ENCO_CD_MODO_USO)
 values ('11140','M3322',null,null,'3','6','29',null,'2','6','2017',to_timestamp('01/01/18 00:00:00,000000000','DD/MM/RR HH24:MI:SS,FF'),null,null,null,null,'4','5',null,null,null,'0','1',
 to_timestamp('16/08/19 17:09:14,721000000','DD/MM/RR HH24:MI:SS,FF'),null,'45',null,null,null,null,'556');

Insert into MEDIDOR_INSTALACAO (MEIN_CD,MEIN_DT,MEDI_CD,MELI_CD,POCN_CD,MEPR_CD,MEIN_MD_LEITURA,FUNC_CD,MEIN_NR_VERSAO,MEIN_IN_USO,MEIN_TM_ULTIMA_ALTERACAO,MEIN_DT_ATIVACAO,MEIN_MD_LEITURA_ATIVACAO,COVA_CD,MEIN_DT_COVA)
 values ('11080',to_timestamp('06/12/18 00:00:00,000000000','DD/MM/RR HH24:MI:SS,FF'),'11139','7','1494','1','511','1','0','1',to_timestamp('19/08/19 08:31:46,000000000','DD/MM/RR HH24:MI:SS,FF'),
 to_timestamp('06/12/18 00:00:00,000000000','DD/MM/RR HH24:MI:SS,FF'),'511',null,null);

Insert into MEDIDOR_INSTALACAO (MEIN_CD,MEIN_DT,MEDI_CD,MELI_CD,POCN_CD,MEPR_CD,MEIN_MD_LEITURA,FUNC_CD,MEIN_NR_VERSAO,MEIN_IN_USO,MEIN_TM_ULTIMA_ALTERACAO,MEIN_DT_ATIVACAO,MEIN_MD_LEITURA_ATIVACAO,COVA_CD,MEIN_DT_COVA)
 values ('11081',to_timestamp('06/12/18 00:00:00,000000000','DD/MM/RR HH24:MI:SS,FF'),'11140','7','1494','1','511','1','0','1',to_timestamp('19/08/19 08:31:46,000000000','DD/MM/RR HH24:MI:SS,FF'),
 to_timestamp('06/12/18 00:00:00,000000000','DD/MM/RR HH24:MI:SS,FF'),'511',null,null);


update PONTO_CONSUMO set MEIN_CD = 11080 where pocn_cd = 1494;
update PONTO_CONSUMO set MEIN_CD = 11081 where pocn_cd = 1495;

Insert into MEDIDOR_OPERACAO_HISTORICO (MEOH_CD,MEOP_CD,MEOH_DT_REALIZADA,MEOH_DT_PLANEJADA,MEDI_CD,MELI_CD,MEOH_DS,MEOH_MD_LEITURA,FUNC_CD,MEOH_NR_VERSAO,
MEOH_IN_USO,MEOH_TM_ULTIMA_ALTERACAO,MEMP_CD,POCN_CD,MEOH_MD_PRESSAO_ANTERIOR,UNID_CD_PRESSAO_ANTERIOR,MEOH_IN_ANEL_CEGO,MEIN_CD,MEOH_NR_LACRE)
values ('19184','1',to_timestamp('06/12/18 00:00:00,000000000','DD/MM/RR HH24:MI:SS,FF'),to_timestamp('06/12/18 00:00:00,000000000','DD/MM/RR HH24:MI:SS,FF'),
'11139','7','Instalação','511','1','0','1',to_timestamp('06/12/18 00:00:00,000000000','DD/MM/RR HH24:MI:SS,FF'),'4','1494',null,null,null,'11080',null);
Insert into MEDIDOR_OPERACAO_HISTORICO (MEOH_CD,MEOP_CD,MEOH_DT_REALIZADA,MEOH_DT_PLANEJADA,MEDI_CD,MELI_CD,MEOH_DS,MEOH_MD_LEITURA,FUNC_CD,MEOH_NR_VERSAO,MEOH_IN_USO,MEOH_TM_ULTIMA_ALTERACAO,
MEMP_CD,POCN_CD,MEOH_MD_PRESSAO_ANTERIOR,UNID_CD_PRESSAO_ANTERIOR,MEOH_IN_ANEL_CEGO,MEIN_CD,MEOH_NR_LACRE)
values ('27519','7',to_timestamp('06/12/18 00:00:00,000000000','DD/MM/RR HH24:MI:SS,FF'),to_timestamp('06/12/18 00:00:00,000000000','DD/MM/RR HH24:MI:SS,FF'),'11139','7',
'Ativação','511','1','0','1',to_timestamp('06/12/18 00:00:00,000000000','DD/MM/RR HH24:MI:SS,FF'),'4','1494',null,null,null,'11080',null);

Insert into MEDIDOR_OPERACAO_HISTORICO (MEOH_CD,MEOP_CD,MEOH_DT_REALIZADA,MEOH_DT_PLANEJADA,MEDI_CD,MELI_CD,MEOH_DS,MEOH_MD_LEITURA,FUNC_CD,MEOH_NR_VERSAO,
MEOH_IN_USO,MEOH_TM_ULTIMA_ALTERACAO,MEMP_CD,POCN_CD,MEOH_MD_PRESSAO_ANTERIOR,UNID_CD_PRESSAO_ANTERIOR,MEOH_IN_ANEL_CEGO,MEIN_CD,MEOH_NR_LACRE)
values ('19185','1',to_timestamp('06/12/18 00:00:00,000000000','DD/MM/RR HH24:MI:SS,FF'),to_timestamp('06/12/18 00:00:00,000000000','DD/MM/RR HH24:MI:SS,FF'),
'11139','7','Instalação','511','1','0','1',to_timestamp('06/12/18 00:00:00,000000000','DD/MM/RR HH24:MI:SS,FF'),'4','1494',null,null,null,'11080',null);
Insert into MEDIDOR_OPERACAO_HISTORICO (MEOH_CD,MEOP_CD,MEOH_DT_REALIZADA,MEOH_DT_PLANEJADA,MEDI_CD,MELI_CD,MEOH_DS,MEOH_MD_LEITURA,FUNC_CD,MEOH_NR_VERSAO,MEOH_IN_USO,MEOH_TM_ULTIMA_ALTERACAO,
MEMP_CD,POCN_CD,MEOH_MD_PRESSAO_ANTERIOR,UNID_CD_PRESSAO_ANTERIOR,MEOH_IN_ANEL_CEGO,MEIN_CD,MEOH_NR_LACRE)
values ('27520','7',to_timestamp('06/12/18 00:00:00,000000000','DD/MM/RR HH24:MI:SS,FF'),to_timestamp('06/12/18 00:00:00,000000000','DD/MM/RR HH24:MI:SS,FF'),'11140','7',
'Ativação','511','1','0','1',to_timestamp('06/12/18 00:00:00,000000000','DD/MM/RR HH24:MI:SS,FF'),'4','1495',null,null,null,'11081',null);

Insert into LEITURA_MOVIMENTO (LEMO_CD,LEMO_TM_GERACAO,LEMO_DT_AM_FATURAMENTO,LEMO_NR_CICLO,POCN_CD,LEMO_DS_PONTO_CONSUMO,POCS_CD,IMOV_CD,LEMO_DS_IMOVEL_PERFIL,LEMO_DS_SEGMENTO,ROTA_CD,LEMO_NR_ROTA,LEMO_CD_SETOR_COMERCIAL,
LEMO_NR_FACE_QUADRA,LEMO_NR_LOTE_IMOVEL,LEMO_NR_SUBLOTE_IMOVEL,LEMO_NR_SEQUENCIA_LEITURA,EMPR_CD,LEIT_CD,LETI_CD,FAGR_CD,LEMO_NM_CLIENTE,LEMO_DS_ENDERECO,LEMO_DS_COMPLEMENTO_ENDERECO,LEMO_NM_BAIRRO,LEMO_NM_MUNICIPIO,LEMO_SG_UF,
LEMO_NR_CEP,LEMO_NM_CONTATO,LEMO_DS_CONTATO,LEMO_DS_OBSERVACAO,LEMO_NR_SERIE_MEDIDOR,LEMO_DT_INSTALACAO_MEDIDOR,LEMO_DS_LOCAL_INSTALACAO,LEMO_DT_LEITURA_ANTERIOR,LEMO_DT_LEITURA_PREVISTA,LEMO_DT_PROXIMA_LEITURA,LEMO_MD_MIN_VAR_CONSUMO,
LEMO_MD_MAX_VAR_CONSUMO,LEMO_MD_MIN_LEITURA_ESPERADA,LEMO_MD_MAX_LEITURA_ESPERADA,LEMO_MD_LEITURA_ANTERIOR,LEAN_CD_ANTERIOR,LEMO_DS_SIT_LEITURA_ANTERIOR,LEMO_MD_CONSUMO_MEDIO,LEMO_MD_CONSUMO_ANTERIOR,LEMO_NR_COLETOR,LEMO_TM_LEITURA,
LEMO_MD_LEITURA,LEAN_CD,COAN_CD,LEMS_CD,LEMO_IN_CONFIRMACAO_LEITURA,LEMO_CD_USUARIO_GERACAO,LEMO_DS_OBSERVACAO_LEITURA,LEMO_TM_ULTIMA_ALTERACAO,MEIN_CD,LEMO_NR_VERSAO,LEMO_IN_USO,LEMO_NR_QUADRA,LEMO_MD_PRESSAO_INFORMADA,
LEMO_MD_TEMPERATURA_INFORMADA,UNID_CD_PRESSAO_INFORMADA,UNID_CD_TEMPERATURA_INFORMADA,LEMO_DS_ORIGEM,LEMO_IN_CORRIGE_PT,POCN_OBSERVACAO,LEMO_MD_LATITUDE,LEMO_MD_LONGITUDE)
values ('4261',to_timestamp('20/08/19 15:46:37,922000000','DD/MM/RR HH24:MI:SS,FF'),'201901','1','1494','SALADA RESIDENCIAL CLUB - TORRE COUVES - APT 14','2','1583','NAO INFORMADO','RESIDENCIAL','41','CEN03',null,'51160070',null,
null,'311','1',null,'3','206','JOAO DAS COUVES','RUA, JORGE DE LIMA, 245, SALADAS APT 1407, IMBIRIBEIRA, RECIFE, PE',null,'IMBIRIBEIRA','RECIFE','PE','51160-070',null,null,null,'M3321',to_timestamp('06/12/18 00:00:00,000000000','DD/MM/RR HH24:MI:SS,FF'),
'HALL DO EDIFÍCIO',to_timestamp('06/12/18 00:00:00,000000000','DD/MM/RR HH24:MI:SS,FF'),to_timestamp('10/01/19 00:00:00,000000000','DD/MM/RR HH24:MI:SS,FF'),to_timestamp('11/02/19 00:00:00,000000000','DD/MM/RR HH24:MI:SS,FF'),
null,null,null,null,'511',null,null,'0',null,null,to_timestamp('07/01/19 00:00:00,000000000','DD/MM/RR HH24:MI:SS,FF'),'520',null,null,'4',null,'1',null,to_timestamp('20/08/19 15:57:59,370000000','DD/MM/RR HH24:MI:SS,FF'),
'11080','0','1','51160070',0.04,'27','16','31','GERAR_DADOS','0',null,null,null);

Insert into LEITURA_MOVIMENTO (LEMO_CD,LEMO_TM_GERACAO,LEMO_DT_AM_FATURAMENTO,LEMO_NR_CICLO,POCN_CD,LEMO_DS_PONTO_CONSUMO,POCS_CD,IMOV_CD,LEMO_DS_IMOVEL_PERFIL,LEMO_DS_SEGMENTO,ROTA_CD,LEMO_NR_ROTA,LEMO_CD_SETOR_COMERCIAL,
LEMO_NR_FACE_QUADRA,LEMO_NR_LOTE_IMOVEL,LEMO_NR_SUBLOTE_IMOVEL,LEMO_NR_SEQUENCIA_LEITURA,EMPR_CD,LEIT_CD,LETI_CD,FAGR_CD,LEMO_NM_CLIENTE,LEMO_DS_ENDERECO,LEMO_DS_COMPLEMENTO_ENDERECO,LEMO_NM_BAIRRO,LEMO_NM_MUNICIPIO,LEMO_SG_UF,
LEMO_NR_CEP,LEMO_NM_CONTATO,LEMO_DS_CONTATO,LEMO_DS_OBSERVACAO,LEMO_NR_SERIE_MEDIDOR,LEMO_DT_INSTALACAO_MEDIDOR,LEMO_DS_LOCAL_INSTALACAO,LEMO_DT_LEITURA_ANTERIOR,LEMO_DT_LEITURA_PREVISTA,LEMO_DT_PROXIMA_LEITURA,LEMO_MD_MIN_VAR_CONSUMO,
LEMO_MD_MAX_VAR_CONSUMO,LEMO_MD_MIN_LEITURA_ESPERADA,LEMO_MD_MAX_LEITURA_ESPERADA,LEMO_MD_LEITURA_ANTERIOR,LEAN_CD_ANTERIOR,LEMO_DS_SIT_LEITURA_ANTERIOR,LEMO_MD_CONSUMO_MEDIO,LEMO_MD_CONSUMO_ANTERIOR,LEMO_NR_COLETOR,LEMO_TM_LEITURA,
LEMO_MD_LEITURA,LEAN_CD,COAN_CD,LEMS_CD,LEMO_IN_CONFIRMACAO_LEITURA,LEMO_CD_USUARIO_GERACAO,LEMO_DS_OBSERVACAO_LEITURA,LEMO_TM_ULTIMA_ALTERACAO,MEIN_CD,LEMO_NR_VERSAO,LEMO_IN_USO,LEMO_NR_QUADRA,LEMO_MD_PRESSAO_INFORMADA,
LEMO_MD_TEMPERATURA_INFORMADA,UNID_CD_PRESSAO_INFORMADA,UNID_CD_TEMPERATURA_INFORMADA,LEMO_DS_ORIGEM,LEMO_IN_CORRIGE_PT,POCN_OBSERVACAO,LEMO_MD_LATITUDE,LEMO_MD_LONGITUDE)
values ('4262',to_timestamp('20/08/19 15:46:37,922000000','DD/MM/RR HH24:MI:SS,FF'),'201901','1','1495','SALADA RESIDENCIAL CLUB - TORRE ALFACE - APT 14','2','1584','NAO INFORMADO','RESIDENCIAL','41','CEN03',null,'51160070',null,
null,'311','1',null,'3','206','MARIA ALFACINA','RUA, JORGE DE LIMA, 245, SALADAS APT 1407, IMBIRIBEIRA, RECIFE, PE',null,'IMBIRIBEIRA','RECIFE','PE','51160-070',null,null,null,'M3322',to_timestamp('06/12/18 00:00:00,000000000','DD/MM/RR HH24:MI:SS,FF'),
'HALL DO EDIFÍCIO',to_timestamp('06/12/18 00:00:00,000000000','DD/MM/RR HH24:MI:SS,FF'),to_timestamp('10/01/19 00:00:00,000000000','DD/MM/RR HH24:MI:SS,FF'),to_timestamp('11/02/19 00:00:00,000000000','DD/MM/RR HH24:MI:SS,FF'),
null,null,null,null,'511',null,null,'0',null,null,to_timestamp('07/01/19 00:00:00,000000000','DD/MM/RR HH24:MI:SS,FF'),'520',null,null,'4',null,'1',null,to_timestamp('20/08/19 15:57:59,370000000','DD/MM/RR HH24:MI:SS,FF'),
'11080','0','1','51160070',0.04,'27','16','31','GERAR_DADOS','0',null,null,null);


Insert into MEDICAO_HISTORICO (MEHI_CD,MEHI_DT_AM_LEITURA,MEHI_SQ,MEHI_NR_CICLO,MEHI_TM_LEITURA_INFORMADA,MEHI_MD_LEITURA_INFORMADA,MEHI_TM_LEITURA_FATURADA,MEHI_MD_LEITURA_FATURADA,LEIT_CD,LEAN_CD_INFORMADA,LEAN_CD_FATURADA,LESI_CD,
MEIN_CD,MEHI_TM_PROCESSAMENTO,MEHI_NR_VERSAO,MEHI_IN_USO,MEHI_TM_ULTIMA_ALTERACAO,POCN_CD,MEHI_IN_ANALISADA,MEHI_TM_LEITURA_ANTERIOR,MEHI_MD_LEITURA_ANTERIOR,MEHI_MD_CONSUMO_INFORMADO,MEHI_MD_CREDITO_GERADO,MEHI_MD_CREDITO_SALDO,LEAN_CD_ANTERIOR,
MEHI_MD_LEITURA_CORRETOR,MEHI_MD_CONSUMO_CORRETOR,MEHI_MD_CONSUMO_MEDIDOR,MEHI_NR_FATOR_PTZ,MEHI_IN_INFORMADO_CLIENTE,MEHI_MD_PRESSAO_INFORMADA,MEHI_MD_TEMPERATURA_INFORMADA,UNID_CD_PRESSAO_INFORMADA,UNID_CD_TEMPERATURA_INFORMADA)
values ('21212','201901','1','1',to_timestamp('07/01/19 00:00:00,000000000','DD/MM/RR HH24:MI:SS,FF'),'520',to_timestamp('07/01/19 00:00:00,000000000','DD/MM/RR HH24:MI:SS,FF'),'520',null,null,null,'2','11080',
to_timestamp('20/08/19 15:57:59,245000000','DD/MM/RR HH24:MI:SS,FF'),'2','1',to_timestamp('20/08/19 16:38:27,257000000','DD/MM/RR HH24:MI:SS,FF'),'1494','0',to_timestamp('06/12/18 00:00:00,000000000','DD/MM/RR HH24:MI:SS,FF'),
'511',null,null,null,null,null,null,null,null,null,0.04,'27','16','31');

Insert into MEDICAO_HISTORICO (MEHI_CD,MEHI_DT_AM_LEITURA,MEHI_SQ,MEHI_NR_CICLO,MEHI_TM_LEITURA_INFORMADA,MEHI_MD_LEITURA_INFORMADA,MEHI_TM_LEITURA_FATURADA,MEHI_MD_LEITURA_FATURADA,LEIT_CD,LEAN_CD_INFORMADA,LEAN_CD_FATURADA,LESI_CD,
MEIN_CD,MEHI_TM_PROCESSAMENTO,MEHI_NR_VERSAO,MEHI_IN_USO,MEHI_TM_ULTIMA_ALTERACAO,POCN_CD,MEHI_IN_ANALISADA,MEHI_TM_LEITURA_ANTERIOR,MEHI_MD_LEITURA_ANTERIOR,MEHI_MD_CONSUMO_INFORMADO,MEHI_MD_CREDITO_GERADO,MEHI_MD_CREDITO_SALDO,LEAN_CD_ANTERIOR,
MEHI_MD_LEITURA_CORRETOR,MEHI_MD_CONSUMO_CORRETOR,MEHI_MD_CONSUMO_MEDIDOR,MEHI_NR_FATOR_PTZ,MEHI_IN_INFORMADO_CLIENTE,MEHI_MD_PRESSAO_INFORMADA,MEHI_MD_TEMPERATURA_INFORMADA,UNID_CD_PRESSAO_INFORMADA,UNID_CD_TEMPERATURA_INFORMADA)
values ('21213','201901','1','1',to_timestamp('07/01/19 00:00:00,000000000','DD/MM/RR HH24:MI:SS,FF'),'520',to_timestamp('07/01/19 00:00:00,000000000','DD/MM/RR HH24:MI:SS,FF'),'520',null,null,null,'2','11081',
to_timestamp('20/08/19 15:57:59,245000000','DD/MM/RR HH24:MI:SS,FF'),'2','1',to_timestamp('20/08/19 16:38:27,257000000','DD/MM/RR HH24:MI:SS,FF'),'1495','0',to_timestamp('06/12/18 00:00:00,000000000','DD/MM/RR HH24:MI:SS,FF'),
'511',null,null,null,null,null,null,null,null,null,0.04,'27','16','31');

Insert into CONSUMO_HISTORICO (COHI_CD,COHI_CD_CONSUMO_CONDOMINIO,COHI_DT_AM_FATURAMENTO,COHI_SQ,COHI_NR_CICLO,COHI_MD_CONSUMO,COHI_MD_CONSUMO_MEDIDO,COHI_MD_CONSUMO_APURADO,MEHI_CD_ANTERIOR,MEHI_CD_ATUAL,COHI_IN_IMOVEL_CONDOMINIO,
COHI_MD_CONSUMO_MEDIO,COHI_MD_CONSUMO_MINIMO,COHI_MD_CONSUMO_IMOVEL_VINC,COHI_MD_CONSUMO_CREDITO,COHI_IN_FATURAMENTO,COHI_QN_DIAS_CONSUMO,POCN_CD,RATI_CD,COTP_CD,COAN_CD,COHI_NR_VERSAO,COHI_TM_ULTIMA_ALTERACAO,COHI_MD_CONSUMO_APURADO_MEDIO,
COHI_MD_PCS,COHI_MD_Z,COHI_NR_FATOR_PCS,COHI_NR_FATOR_PTZ,PCIN_CD,ENCO_CD_LOCAL_AMOSTRAGEM_PCS,COHI_IN_CONSUMO_CICLO,COHI_NR_FATOR_CORRECAO,COHI_IN_USO,COHI_CD_SINTETIZADOR,SEQNOTAFISCAL,COHI_MD_CONSUMO_CREDIT_MEDIA,COHI_IN_DRAWBACK,
COHI_COMPOSICAO_VIRTUAL,MEDI_CD,COHI_IN_MEDICAO_IND_ATUAL) values ('25381',null,'201901',null,'1','9','9',8.98263,null,'21212',null,'9',null,null,null,'1','33','1494',null,'1',null,'1',
to_timestamp('20/08/19 20:33:34,090000000','DD/MM/RR HH24:MI:SS,FF'),null,'9382','1',0.99807,'1','1','2','1',null,'1',null,null,null,null,null,null,null);

Insert into CONSUMO_HISTORICO (COHI_CD,COHI_CD_CONSUMO_CONDOMINIO,COHI_DT_AM_FATURAMENTO,COHI_SQ,COHI_NR_CICLO,COHI_MD_CONSUMO,COHI_MD_CONSUMO_MEDIDO,COHI_MD_CONSUMO_APURADO,MEHI_CD_ANTERIOR,MEHI_CD_ATUAL,COHI_IN_IMOVEL_CONDOMINIO,
COHI_MD_CONSUMO_MEDIO,COHI_MD_CONSUMO_MINIMO,COHI_MD_CONSUMO_IMOVEL_VINC,COHI_MD_CONSUMO_CREDITO,COHI_IN_FATURAMENTO,COHI_QN_DIAS_CONSUMO,POCN_CD,RATI_CD,COTP_CD,COAN_CD,COHI_NR_VERSAO,COHI_TM_ULTIMA_ALTERACAO,COHI_MD_CONSUMO_APURADO_MEDIO,
COHI_MD_PCS,COHI_MD_Z,COHI_NR_FATOR_PCS,COHI_NR_FATOR_PTZ,PCIN_CD,ENCO_CD_LOCAL_AMOSTRAGEM_PCS,COHI_IN_CONSUMO_CICLO,COHI_NR_FATOR_CORRECAO,COHI_IN_USO,COHI_CD_SINTETIZADOR,SEQNOTAFISCAL,COHI_MD_CONSUMO_CREDIT_MEDIA,COHI_IN_DRAWBACK,
COHI_COMPOSICAO_VIRTUAL,MEDI_CD,COHI_IN_MEDICAO_IND_ATUAL) values ('25382',null,'201901',null,'1','9','9',8.98263,null,'21212',null,'9',null,null,null,'1','33','1495',null,'1',null,'1',
to_timestamp('20/08/19 20:33:34,090000000','DD/MM/RR HH24:MI:SS,FF'),null,'9382','1',0.99807,'1','1','2','1',null,'1',null,null,null,null,null,null,null);


--Cronograma de faturamento em execução
Insert into FATURAMENTO_CRONOGRAMA (FACR_CD,FAGR_CD,FACR_DT_AM_FATURAMENTO,FACR_NR_CICLO,FACR_IN_USO,FACR_NR_VERSAO,FACR_TM_ULTIMA_ALTERACAO) values ('102','206','201901','1','1','0',to_timestamp('20/08/19 15:38:10,647000000','DD/MM/RR HH24:MI:SS,FF'));

--Atividades do Cronograma (executado até o processo "Faturar Grupo")
Insert into FATURAMENTO_ATIVIDADE_CRONOGR (FAAC_CD,FACR_CD,ATSI_CD,FAAC_DT_FIM,FAAC_TM_REALIZACAO,FAAC_IN_USO,FAAC_NR_VERSAO,FAAC_TM_ULTIMA_ALTERACAO,FAAC_DT_INICIO) values ('601','102','1',to_timestamp('10/01/19 00:00:00,000000000','DD/MM/RR HH24:MI:SS,FF'),to_timestamp('20/08/19 15:46:39,326000000','DD/MM/RR HH24:MI:SS,FF'),'1','1',to_timestamp('20/08/19 15:46:39,326000000','DD/MM/RR HH24:MI:SS,FF'),to_timestamp('10/01/19 00:00:00,000000000','DD/MM/RR HH24:MI:SS,FF'));
Insert into FATURAMENTO_ATIVIDADE_CRONOGR (FAAC_CD,FACR_CD,ATSI_CD,FAAC_DT_FIM,FAAC_TM_REALIZACAO,FAAC_IN_USO,FAAC_NR_VERSAO,FAAC_TM_ULTIMA_ALTERACAO,FAAC_DT_INICIO) values ('602','102','2',to_timestamp('10/01/19 00:00:00,000000000','DD/MM/RR HH24:MI:SS,FF'),to_timestamp('07/01/19 00:00:00,000000000','DD/MM/RR HH24:MI:SS,FF'),'1','0',to_timestamp('20/08/19 15:38:10,662000000','DD/MM/RR HH24:MI:SS,FF'),to_timestamp('10/01/19 00:00:00,000000000','DD/MM/RR HH24:MI:SS,FF'));
Insert into FATURAMENTO_ATIVIDADE_CRONOGR (FAAC_CD,FACR_CD,ATSI_CD,FAAC_DT_FIM,FAAC_TM_REALIZACAO,FAAC_IN_USO,FAAC_NR_VERSAO,FAAC_TM_ULTIMA_ALTERACAO,FAAC_DT_INICIO) values ('603','102','3',to_timestamp('10/01/19 00:00:00,000000000','DD/MM/RR HH24:MI:SS,FF'),to_timestamp('20/08/19 15:58:07,139000000','DD/MM/RR HH24:MI:SS,FF'),'1','0',to_timestamp('20/08/19 15:38:10,662000000','DD/MM/RR HH24:MI:SS,FF'),to_timestamp('10/01/19 00:00:00,000000000','DD/MM/RR HH24:MI:SS,FF'));
Insert into FATURAMENTO_ATIVIDADE_CRONOGR (FAAC_CD,FACR_CD,ATSI_CD,FAAC_DT_FIM,FAAC_TM_REALIZACAO,FAAC_IN_USO,FAAC_NR_VERSAO,FAAC_TM_ULTIMA_ALTERACAO,FAAC_DT_INICIO) values ('604','102','4',to_timestamp('10/01/19 00:00:00,000000000','DD/MM/RR HH24:MI:SS,FF'),to_timestamp('29/08/19 12:33:28,255000000','DD/MM/RR HH24:MI:SS,FF'),'1','0',to_timestamp('20/08/19 15:38:10,662000000','DD/MM/RR HH24:MI:SS,FF'),to_timestamp('10/01/19 00:00:00,000000000','DD/MM/RR HH24:MI:SS,FF'));
Insert into FATURAMENTO_ATIVIDADE_CRONOGR (FAAC_CD,FACR_CD,ATSI_CD,FAAC_DT_FIM,FAAC_TM_REALIZACAO,FAAC_IN_USO,FAAC_NR_VERSAO,FAAC_TM_ULTIMA_ALTERACAO,FAAC_DT_INICIO) values ('605','102','8',to_timestamp('10/01/19 00:00:00,000000000','DD/MM/RR HH24:MI:SS,FF'),to_timestamp('29/08/19 12:33:28,255000000','DD/MM/RR HH24:MI:SS,FF'),'1','2',to_timestamp('29/08/19 12:33:28,255000000','DD/MM/RR HH24:MI:SS,FF'),to_timestamp('10/01/19 00:00:00,000000000','DD/MM/RR HH24:MI:SS,FF'));
Insert into FATURAMENTO_ATIVIDADE_CRONOGR (FAAC_CD,FACR_CD,ATSI_CD,FAAC_DT_FIM,FAAC_TM_REALIZACAO,FAAC_IN_USO,FAAC_NR_VERSAO,FAAC_TM_ULTIMA_ALTERACAO,FAAC_DT_INICIO) values ('606','102','9',to_timestamp('10/01/19 00:00:00,000000000','DD/MM/RR HH24:MI:SS,FF'),null,'1','0',to_timestamp('20/08/19 15:38:10,678000000','DD/MM/RR HH24:MI:SS,FF'),to_timestamp('10/01/19 00:00:00,000000000','DD/MM/RR HH24:MI:SS,FF'));
Insert into FATURAMENTO_ATIVIDADE_CRONOGR (FAAC_CD,FACR_CD,ATSI_CD,FAAC_DT_FIM,FAAC_TM_REALIZACAO,FAAC_IN_USO,FAAC_NR_VERSAO,FAAC_TM_ULTIMA_ALTERACAO,FAAC_DT_INICIO) values ('607','102','19',to_timestamp('10/01/19 00:00:00,000000000','DD/MM/RR HH24:MI:SS,FF'),null,'1','0',to_timestamp('20/08/19 15:38:10,678000000','DD/MM/RR HH24:MI:SS,FF'),to_timestamp('10/01/19 00:00:00,000000000','DD/MM/RR HH24:MI:SS,FF'));

Insert into ROTA_CRONOGRAMA (ROCR_CD,ROTA_CD,FAAC_CD,ROCR_DT_PREVISTA,ROCR_DT_REALIZADA,ROCR_DT_GERACAO,ROCR_DT_RETORNO,ROCR_DT_AM_REFERENCIA,ROCR_NR_CICLO,ROCR_NR_VERSAO,ROCR_IN_USO,ROCR_TM_ULTIMA_ALTERACAO) values ('755','41','601',to_timestamp('10/01/19 00:00:00,000000000','DD/MM/RR HH24:MI:SS,FF'),to_timestamp('20/08/19 15:46:39,310000000','DD/MM/RR HH24:MI:SS,FF'),null,null,'201901','1','0','1',to_timestamp('20/08/19 15:38:10,647000000','DD/MM/RR HH24:MI:SS,FF'));
Insert into ROTA_CRONOGRAMA (ROCR_CD,ROTA_CD,FAAC_CD,ROCR_DT_PREVISTA,ROCR_DT_REALIZADA,ROCR_DT_GERACAO,ROCR_DT_RETORNO,ROCR_DT_AM_REFERENCIA,ROCR_NR_CICLO,ROCR_NR_VERSAO,ROCR_IN_USO,ROCR_TM_ULTIMA_ALTERACAO) values ('756','41','602',to_timestamp('10/01/19 00:00:00,000000000','DD/MM/RR HH24:MI:SS,FF'),to_timestamp('07/01/19 00:00:00,000000000','DD/MM/RR HH24:MI:SS,FF'),null,null,'201901','1','0','1',to_timestamp('20/08/19 15:38:10,662000000','DD/MM/RR HH24:MI:SS,FF'));
Insert into ROTA_CRONOGRAMA (ROCR_CD,ROTA_CD,FAAC_CD,ROCR_DT_PREVISTA,ROCR_DT_REALIZADA,ROCR_DT_GERACAO,ROCR_DT_RETORNO,ROCR_DT_AM_REFERENCIA,ROCR_NR_CICLO,ROCR_NR_VERSAO,ROCR_IN_USO,ROCR_TM_ULTIMA_ALTERACAO) values ('757','41','603',to_timestamp('10/01/19 00:00:00,000000000','DD/MM/RR HH24:MI:SS,FF'),to_timestamp('20/08/19 15:58:07,139000000','DD/MM/RR HH24:MI:SS,FF'),null,null,'201901','1','0','1',to_timestamp('20/08/19 15:38:10,662000000','DD/MM/RR HH24:MI:SS,FF'));
Insert into ROTA_CRONOGRAMA (ROCR_CD,ROTA_CD,FAAC_CD,ROCR_DT_PREVISTA,ROCR_DT_REALIZADA,ROCR_DT_GERACAO,ROCR_DT_RETORNO,ROCR_DT_AM_REFERENCIA,ROCR_NR_CICLO,ROCR_NR_VERSAO,ROCR_IN_USO,ROCR_TM_ULTIMA_ALTERACAO) values ('758','41','604',to_timestamp('10/01/19 00:00:00,000000000','DD/MM/RR HH24:MI:SS,FF'),to_timestamp('20/08/19 15:58:07,139000000','DD/MM/RR HH24:MI:SS,FF'),null,null,'201901','1','0','1',to_timestamp('20/08/19 15:38:10,662000000','DD/MM/RR HH24:MI:SS,FF'));
Insert into ROTA_CRONOGRAMA (ROCR_CD,ROTA_CD,FAAC_CD,ROCR_DT_PREVISTA,ROCR_DT_REALIZADA,ROCR_DT_GERACAO,ROCR_DT_RETORNO,ROCR_DT_AM_REFERENCIA,ROCR_NR_CICLO,ROCR_NR_VERSAO,ROCR_IN_USO,ROCR_TM_ULTIMA_ALTERACAO) values ('759','41','605',to_timestamp('10/01/19 00:00:00,000000000','DD/MM/RR HH24:MI:SS,FF'),null,null,null,'201901','1','0','1',to_timestamp('20/08/19 15:38:10,678000000','DD/MM/RR HH24:MI:SS,FF'));
Insert into ROTA_CRONOGRAMA (ROCR_CD,ROTA_CD,FAAC_CD,ROCR_DT_PREVISTA,ROCR_DT_REALIZADA,ROCR_DT_GERACAO,ROCR_DT_RETORNO,ROCR_DT_AM_REFERENCIA,ROCR_NR_CICLO,ROCR_NR_VERSAO,ROCR_IN_USO,ROCR_TM_ULTIMA_ALTERACAO) values ('760','41','606',to_timestamp('10/01/19 00:00:00,000000000','DD/MM/RR HH24:MI:SS,FF'),null,null,null,'201901','1','0','1',to_timestamp('20/08/19 15:38:10,678000000','DD/MM/RR HH24:MI:SS,FF'));
Insert into ROTA_CRONOGRAMA (ROCR_CD,ROTA_CD,FAAC_CD,ROCR_DT_PREVISTA,ROCR_DT_REALIZADA,ROCR_DT_GERACAO,ROCR_DT_RETORNO,ROCR_DT_AM_REFERENCIA,ROCR_NR_CICLO,ROCR_NR_VERSAO,ROCR_IN_USO,ROCR_TM_ULTIMA_ALTERACAO) values ('761','41','607',to_timestamp('10/01/19 00:00:00,000000000','DD/MM/RR HH24:MI:SS,FF'),null,null,null,'201901','1','0','1',to_timestamp('20/08/19 15:38:10,678000000','DD/MM/RR HH24:MI:SS,FF'));

--Fatura com o crédito débito situação válido (3 - Incluída)
Insert into FATURA (FATU_CD,FAGE_CD,DOTI_CD,POCN_CD,CLIE_CD,ROTA_CD,CRDS_CD,SEGM_CD,COHI_CD,MEHI_CD,
ENCO_CD_SITUACAO_PAGAMENTO,FAMR_CD,ENCO_CD_MOTIVO_INCLUSAO,ENCO_CD_MOTIVO_REFATURAMENTO,
ENCO_CD_MOTIVO_CANCELAMENTO,FATU_DT_EMISSAO,FATU_DT_VENCIMENTO,FATU_DT_AM_REFERENCIA,FATU_NR_CICLO,
FATU_VL_TOTAL,FATU_IN_USO,FATU_NR_VERSAO,FATU_TM_ULTIMA_ALTERACAO,DEVO_CD,PARC_CD,FATU_DT_REVISAO,
FATU_DS_OBSERVACAO_NOTA,FATU_DS_MOTIVO_ALTER_VENC,FATU_VL_CONCILIADO,FATU_CD_AGRUPADA,CONT_CD_PAI,
FATU_DS_MOTIVO_CANCELA_NOTA,FATU_IN_COBRADA,CONT_CD_ATUAL,FATU_IN_ENCERRAMENTO,FATU_IN_REGISTRO_PERDA,
NAOC_CD,FATU_IN_PDD,FATU_DT_CANCELAMENTO,FATU_IN_AVULSO,TRAN_CD,VEIC_CD,MOTO_CD,FUNC_CD_RESPONSAVEL,
FATU_CD_PRINCIPAL,FATU_DS_COMPLEMENTO,ENCO_CD_MOTIVO_COMPLEMENTO)
values ('4863',null,'1','1494','1583','41','3','4','25381','21212','91',null,'211',
null,null,to_timestamp('20/08/19 00:00:00,000000000','DD/MM/RR HH24:MI:SS,FF'),
to_timestamp('10/09/19 20:28:43,860000000','DD/MM/RR HH24:MI:SS,FF'),'201901',
'1',30.21,'1','2',to_timestamp('20/08/19 20:33:34,620000000','DD/MM/RR HH24:MI:SS,FF'),null,
null,null,null,null,'0',null,'1367',null,'1','1367','0',null,null,'0',null,'0',null,null,null,
null,null,null,null);


--Fatura com o crédito débito situação inválido (6 - NFE Pendente)
Insert into FATURA (FATU_CD,FAGE_CD,DOTI_CD,POCN_CD,CLIE_CD,ROTA_CD,CRDS_CD,SEGM_CD,COHI_CD,MEHI_CD,
ENCO_CD_SITUACAO_PAGAMENTO,FAMR_CD,ENCO_CD_MOTIVO_INCLUSAO,ENCO_CD_MOTIVO_REFATURAMENTO,
ENCO_CD_MOTIVO_CANCELAMENTO,FATU_DT_EMISSAO,FATU_DT_VENCIMENTO,FATU_DT_AM_REFERENCIA,FATU_NR_CICLO,
FATU_VL_TOTAL,FATU_IN_USO,FATU_NR_VERSAO,FATU_TM_ULTIMA_ALTERACAO,DEVO_CD,PARC_CD,FATU_DT_REVISAO,
FATU_DS_OBSERVACAO_NOTA,FATU_DS_MOTIVO_ALTER_VENC,FATU_VL_CONCILIADO,FATU_CD_AGRUPADA,CONT_CD_PAI,
FATU_DS_MOTIVO_CANCELA_NOTA,FATU_IN_COBRADA,CONT_CD_ATUAL,FATU_IN_ENCERRAMENTO,FATU_IN_REGISTRO_PERDA,
NAOC_CD,FATU_IN_PDD,FATU_DT_CANCELAMENTO,FATU_IN_AVULSO,TRAN_CD,VEIC_CD,MOTO_CD,FUNC_CD_RESPONSAVEL,
FATU_CD_PRINCIPAL,FATU_DS_COMPLEMENTO,ENCO_CD_MOTIVO_COMPLEMENTO)
values ('4864',null,'1','1495','1584','41','6','4','25381','21212','91',null,'211',
null,null,to_timestamp('20/08/19 00:00:00,000000000','DD/MM/RR HH24:MI:SS,FF'),
to_timestamp('10/09/19 20:28:43,860000000','DD/MM/RR HH24:MI:SS,FF'),'201901',
'1',30.21,'1','2',to_timestamp('20/08/19 20:33:34,620000000','DD/MM/RR HH24:MI:SS,FF'),null,
null,null,null,null,'0',null,'1367',null,'1','1367','0',null,null,'0',null,'0',null,null,null,
null,null,null,null);

Insert into FATURA_GERAL (FAGE_CD,FATU_CD_ATUAL,FAGE_IN_USO,FAGE_NR_VERSAO,FAGE_TM_ULTIMA_ALTERACAO)
values ('4865','4863' ,'1','0',to_timestamp('20/08/19 20:33:34,121000000','DD/MM/RR HH24:MI:SS,FF'));
Insert into FATURA_GERAL (FAGE_CD,FATU_CD_ATUAL,FAGE_IN_USO,FAGE_NR_VERSAO,FAGE_TM_ULTIMA_ALTERACAO)
values ('4866','4864' ,'1','0',to_timestamp('20/08/19 20:33:34,121000000','DD/MM/RR HH24:MI:SS,FF'));

update fatura set fage_cd = '4865' where fatu_cd = '4863';
update fatura set fage_cd = '4866' where fatu_cd = '4864';


Insert into SERIE (SERI_CD,ENCO_CD_TIPO_OPERACAO,ENCO_CD_TIPO_FATURAMENTO,SERI_NR,SERI_DS,SERI_SQ_NUMERACAO,SERI_DT_ANO_MES,SERI_IN_CONTROLE_MENSAL,SERI_IN_USO,SERI_NR_VERSAO,SERI_TM_ULTIMA_ALTERACAO,SERI_IN_ELETRONICA,SERI_IN_CONTINGENCIA_SCAN,SEGM_CD) values ('277','51','15','2','SERIE','3263',null,'0','1','3262',to_timestamp('09/09/19 17:38:35,498000000','DD/MM/RR HH24:MI:SS,FF'),'1','0',null);

Insert into DOCUMENTO_COBRANCA (DOCO_CD,CLIE_CD,DOTI_CD,CODS_CD,DOCO_DT_EMISSAO,DOCO_NR_SEQUENCIAL,DOCO_NR_SEQUENCIAL_IMPRESSAO,DOCO_VL_TOTAL,DOCO_IN_USO,DOCO_NR_VERSAO,DOCO_TM_ULTIMA_ALTERACAO,DOCO_NR_NOSSO_NUMERO,DOCO_DT_VENCIMENTO)
values ('3917','1583','1','1',to_timestamp('20/08/19 20:33:34,948000000','DD/MM/RR HH24:MI:SS,FF'),null,null,30.21,'1','0',to_timestamp('20/08/19 20:33:35,166000000','DD/MM/RR HH24:MI:SS,FF'),'1115',
to_timestamp('10/09/19 20:28:43,860000000','DD/MM/RR HH24:MI:SS,FF'));

Insert into DOCUMENTO_COBRANCA (DOCO_CD,CLIE_CD,DOTI_CD,CODS_CD,DOCO_DT_EMISSAO,DOCO_NR_SEQUENCIAL,DOCO_NR_SEQUENCIAL_IMPRESSAO,DOCO_VL_TOTAL,DOCO_IN_USO,DOCO_NR_VERSAO,DOCO_TM_ULTIMA_ALTERACAO,DOCO_NR_NOSSO_NUMERO,DOCO_DT_VENCIMENTO)
values ('3918','1584','1','1',to_timestamp('20/08/19 20:33:34,948000000','DD/MM/RR HH24:MI:SS,FF'),null,null,30.21,'1','0',to_timestamp('20/08/19 20:33:35,166000000','DD/MM/RR HH24:MI:SS,FF'),'1115',
to_timestamp('10/09/19 20:28:43,860000000','DD/MM/RR HH24:MI:SS,FF'));

--Documento fiscal com o status de nfe 142 - Autorizada
Insert into DOCUMENTO_FISCAL (DOFI_CD,FATU_CD,NAOC_CD,DOFI_NR,DOFI_DS_SERIE,DOFI_NR_INSC_ESTADUAL_SUBS,DOFI_VL_TOTAL,DOFI_NM_CLIENTE,DOFI_NR_CPF_CNPJ,DOFI_NR_INSC_ESTADUAL,DOFI_NR_INSC_ESTADUAL_TRANSP,DOFI_NR_RG,
DOFI_DS_ENDERECO,DOFI_DS_COMPLEMENTO,DOFI_NM_BAIRRO,DOFI_NR_CEP,DOFI_NM_MUNICIPIO,DOFI_SG_UF,DOFI_DT_APRESENTACAO,DOFI_DT_EMISSAO,DOFI_TM_HORA_SAIDA,DOFI_NM_TRANSPORTADOR,DOFI_CD_ANTT,DOFI_DS_PLACA_VEICULO,DOFI_SG_UF_PLACA,
DOFI_NR_CPF_CNPJ_TRANSPORT,DOFI_DS_ENDERECO_TRANSPORT,DOFI_DS_MUNICIPIO_TRANSPORT,DOFI_SG_UF_TRANSPORTADORA,DOFI_DS_MENSAGEM,ENCO_CD_TIPO_OPERACAO,ENCO_CD_TIPO_FATURAMENTO,DOFI_IN_USO,DOFI_NR_VERSAO,DOFI_TM_ULTIMA_ALTERACAO,
SERI_CD,ENCO_CD_TIPO_EMISSAO_NFE,ENCO_CD_STATUS_NFE,DOFI_NR_CHAVE_ACESSO_NFE,DOFI_NR_PROTOCOLO,DOFI_IN_NORMAL_ELETRONICA,DOFI_DS_ARQUIVO_XML,FATU_CD_ORIGEM,DOFI_IN_EMISSAO_CLIENTE)
values ('4668','4863',null,'1426','2',null,30.21,'JOAO DAS COUVES','123456789',null,null,null,null,null,null,null,null,null,to_timestamp('20/08/19 20:33:34,464000000','DD/MM/RR HH24:MI:SS,FF'),
to_timestamp('20/08/19 00:00:00,000000000','DD/MM/RR HH24:MI:SS,FF'),to_timestamp('20/08/19 20:33:34,464000000','DD/MM/RR HH24:MI:SS,FF'),null,null,null,null,null,null,null,null,null,'51','15','1','0',
to_timestamp('20/08/19 20:33:34,527000000','DD/MM/RR HH24:MI:SS,FF'),'277','403','142',null,null,null, EMPTY_BLOB(),null,null);

--Documento fiscal com o status de nfe 144 - Denegada
Insert into DOCUMENTO_FISCAL (DOFI_CD,FATU_CD,NAOC_CD,DOFI_NR,DOFI_DS_SERIE,DOFI_NR_INSC_ESTADUAL_SUBS,DOFI_VL_TOTAL,DOFI_NM_CLIENTE,DOFI_NR_CPF_CNPJ,DOFI_NR_INSC_ESTADUAL,DOFI_NR_INSC_ESTADUAL_TRANSP,DOFI_NR_RG,
DOFI_DS_ENDERECO,DOFI_DS_COMPLEMENTO,DOFI_NM_BAIRRO,DOFI_NR_CEP,DOFI_NM_MUNICIPIO,DOFI_SG_UF,DOFI_DT_APRESENTACAO,DOFI_DT_EMISSAO,DOFI_TM_HORA_SAIDA,DOFI_NM_TRANSPORTADOR,DOFI_CD_ANTT,DOFI_DS_PLACA_VEICULO,DOFI_SG_UF_PLACA,
DOFI_NR_CPF_CNPJ_TRANSPORT,DOFI_DS_ENDERECO_TRANSPORT,DOFI_DS_MUNICIPIO_TRANSPORT,DOFI_SG_UF_TRANSPORTADORA,DOFI_DS_MENSAGEM,ENCO_CD_TIPO_OPERACAO,ENCO_CD_TIPO_FATURAMENTO,DOFI_IN_USO,DOFI_NR_VERSAO,DOFI_TM_ULTIMA_ALTERACAO,
SERI_CD,ENCO_CD_TIPO_EMISSAO_NFE,ENCO_CD_STATUS_NFE,DOFI_NR_CHAVE_ACESSO_NFE,DOFI_NR_PROTOCOLO,DOFI_IN_NORMAL_ELETRONICA,DOFI_DS_ARQUIVO_XML,FATU_CD_ORIGEM,DOFI_IN_EMISSAO_CLIENTE)
values ('4669','4864',null,'1427','2',null,30.21,'MARIA ALFACINA','123456789',null,null,null,null,null,null,null,null,null,to_timestamp('20/08/19 20:33:34,464000000','DD/MM/RR HH24:MI:SS,FF'),
to_timestamp('20/08/19 00:00:00,000000000','DD/MM/RR HH24:MI:SS,FF'),to_timestamp('20/08/19 20:33:34,464000000','DD/MM/RR HH24:MI:SS,FF'),null,null,null,null,null,null,null,null,null,'51','15','1','0',
to_timestamp('20/08/19 20:33:34,527000000','DD/MM/RR HH24:MI:SS,FF'),'277','403','140',null,null,null, EMPTY_BLOB(),null,null);

Insert into FATURA_IMPRESSAO (FAIM_CD,FAGR_CD,FATU_CD,FAAN_CD,USSI_CD_IMPRESSAO,ENCO_CD_TIPO_CONVENIO,FAIM_DT_GERACAO,FAIM_DT_IMPRESSAO,FAIM_DT_AM_REFERENCIA,FAIM_VL,FAIM_NR_LOTE,FAIM_SQ_IMPRESSAO,FAIM_IN_IMPRESSAO,
FAIM_IN_USO,FAIM_NR_VERSAO,FAIM_TM_ULTIMA_ALTERACAO,ROTA_CD)
values ('4663','206','4863',null,null,'577',to_timestamp('20/08/19 20:33:34,589000000','DD/MM/RR HH24:MI:SS,FF'),null,'201901',30.21,null,null,null,'1','0', to_timestamp('20/08/19 20:33:34,589000000','DD/MM/RR HH24:MI:SS,FF'),'41');

Insert into FATURA_IMPRESSAO (FAIM_CD,FAGR_CD,FATU_CD,FAAN_CD,USSI_CD_IMPRESSAO,ENCO_CD_TIPO_CONVENIO,FAIM_DT_GERACAO,FAIM_DT_IMPRESSAO,FAIM_DT_AM_REFERENCIA,FAIM_VL,FAIM_NR_LOTE,FAIM_SQ_IMPRESSAO,FAIM_IN_IMPRESSAO,
FAIM_IN_USO,FAIM_NR_VERSAO,FAIM_TM_ULTIMA_ALTERACAO,ROTA_CD)
values ('4664','206','4864',null,null,'577',to_timestamp('20/08/19 20:33:34,589000000','DD/MM/RR HH24:MI:SS,FF'),null,'201901',30.21,null,null,null,'1','0', to_timestamp('20/08/19 20:33:34,589000000','DD/MM/RR HH24:MI:SS,FF'),'41');

update documento_impressao_layout set doil_in_uso = 1 where enco_cd_documento_impres_tipo = '504';
Insert into PROCESSO_SISTEMA (PRSI_CD,USSI_CD,OPSI_CD,PRSI_NM_PERIODICIDADE,PRSI_NM_SITUACAO,PRSI_TM_INICIO,PRSI_TM_FIM,PRSI_DS_LOG_ERRO,PRSI_DS_LOG_EXECUCAO,PRSI_NR_VERSAO,PRSI_IN_AGENDADO,
    PRSI_IN_ACEITE_DIA_NAO_UTIL,PRSI_TM_INICIO_AGENDAMENTO,PRSI_NM_EMAIL_RESPONSAVEL,PRSI_DS,PRSI_CD_PAI,PRSI_TM_FINAL_AGENDAMENTO,ACCO_CD,PRSI_DS_USU,PRSI_DS_UNI)
values ('14','1','65','0','2',to_timestamp('19/08/19 10:52:02,775000000','DD/MM/RR HH24:MI:SS,FF'),to_timestamp('19/08/19 10:52:03,274000000','DD/MM/RR HH24:MI:SS,FF'),
    EMPTY_BLOB(),EMPTY_BLOB(),'2','0','1',to_timestamp('19/08/19 10:52:01,246000000','DD/MM/RR HH24:MI:SS,FF'),null,'Emitir Faturas     Grupo Faturamento: CENTRO03',null,null,null,'admin','GETI');

Insert into PARAMETRO_PROCESSO_SISTEMA (PRSI_CD,PAPS_NM_VALOR,PAPS_NM_PARAMETRO) values ('14','41','idRota');
Insert into PARAMETRO_PROCESSO_SISTEMA (PRSI_CD,PAPS_NM_VALOR,PAPS_NM_PARAMETRO) values ('14','206','idGrupoFaturamento');
Insert into PARAMETRO_PROCESSO_SISTEMA (PRSI_CD,PAPS_NM_VALOR,PAPS_NM_PARAMETRO) values ('14','-1','idComando');
update parametro_sistema set pmsi_vl_parametro = 'fatura' where pmsi_cd_parametro = 'DIRETORIO_ARQUIVOS_FATURA';
